{
  "evaluation_id": "eval_20250725_120218",
  "created_at": "2025-07-25T12:02:24.295488",
  "dataset_info": {
    "test_samples": 690,
    "n_features": 30,
    "n_classes": 3
  },
  "model_metrics": {
    "svm": {
      "accuracy": 0.7913043478260869,
      "precision_macro": 0.8018949603855264,
      "precision_weighted": 0.8018949603855264,
      "recall_macro": 0.7913043478260869,
      "recall_weighted": 0.7913043478260869,
      "f1_macro": 0.7921469953905359,
      "f1_weighted": 0.7921469953905358,
      "class_precision": {
        "watermelon_A": 0.8349056603773585,
        "watermelon_B": 0.7071428571428572,
        "watermelon_C": 0.8636363636363636
      },
      "class_recall": {
        "watermelon_A": 0.7695652173913043,
        "watermelon_B": 0.8608695652173913,
        "watermelon_C": 0.7434782608695653
      },
      "class_f1": {
        "watermelon_A": 0.8009049773755658,
        "watermelon_B": 0.7764705882352941,
        "watermelon_C": 0.7990654205607477
      },
      "class_support": {
        "watermelon_A": 230.0,
        "watermelon_B": 230.0,
        "watermelon_C": 230.0
      },
      "confusion_matrix": [
        [
          177,
          35,
          18
        ],
        [
          23,
          198,
          9
        ],
        [
          12,
          47,
          171
        ]
      ],
      "roc_auc": 0.9408412098298675,
      "pr_auc": null
    },
    "random_forest": {
      "accuracy": 0.9536231884057971,
      "precision_macro": 0.9545669893034878,
      "precision_weighted": 0.9545669893034879,
      "recall_macro": 0.9536231884057971,
      "recall_weighted": 0.9536231884057971,
      "f1_macro": 0.9536859545876899,
      "f1_weighted": 0.9536859545876899,
      "class_precision": {
        "watermelon_A": 0.9727272727272728,
        "watermelon_B": 0.9691629955947136,
        "watermelon_C": 0.9218106995884774
      },
      "class_recall": {
        "watermelon_A": 0.9304347826086956,
        "watermelon_B": 0.9565217391304348,
        "watermelon_C": 0.9739130434782609
      },
      "class_f1": {
        "watermelon_A": 0.9511111111111111,
        "watermelon_B": 0.962800875273523,
        "watermelon_C": 0.9471458773784356
      },
      "class_support": {
        "watermelon_A": 230.0,
        "watermelon_B": 230.0,
        "watermelon_C": 230.0
      },
      "confusion_matrix": [
        [
          214,
          2,
          14
        ],
        [
          5,
          220,
          5
        ],
        [
          1,
          5,
          224
        ]
      ],
      "roc_auc": 0.9954804662885949,
      "pr_auc": null
    }
  },
  "model_comparison": {
    "model1_name": "svm",
    "model2_name": "random_forest",
    "model1_metrics": {
      "accuracy": 0.7913043478260869,
      "precision_macro": 0.8018949603855264,
      "precision_weighted": 0.8018949603855264,
      "recall_macro": 0.7913043478260869,
      "recall_weighted": 0.7913043478260869,
      "f1_macro": 0.7921469953905359,
      "f1_weighted": 0.7921469953905358,
      "class_precision": {
        "watermelon_A": 0.8349056603773585,
        "watermelon_B": 0.7071428571428572,
        "watermelon_C": 0.8636363636363636
      },
      "class_recall": {
        "watermelon_A": 0.7695652173913043,
        "watermelon_B": 0.8608695652173913,
        "watermelon_C": 0.7434782608695653
      },
      "class_f1": {
        "watermelon_A": 0.8009049773755658,
        "watermelon_B": 0.7764705882352941,
        "watermelon_C": 0.7990654205607477
      },
      "class_support": {
        "watermelon_A": 230.0,
        "watermelon_B": 230.0,
        "watermelon_C": 230.0
      },
      "confusion_matrix": [
        [
          177,
          35,
          18
        ],
        [
          23,
          198,
          9
        ],
        [
          12,
          47,
          171
        ]
      ],
      "roc_auc": 0.9408412098298675,
      "pr_auc": null
    },
    "model2_metrics": {
      "accuracy": 0.9536231884057971,
      "precision_macro": 0.9545669893034878,
      "precision_weighted": 0.9545669893034879,
      "recall_macro": 0.9536231884057971,
      "recall_weighted": 0.9536231884057971,
      "f1_macro": 0.9536859545876899,
      "f1_weighted": 0.9536859545876899,
      "class_precision": {
        "watermelon_A": 0.9727272727272728,
        "watermelon_B": 0.9691629955947136,
        "watermelon_C": 0.9218106995884774
      },
      "class_recall": {
        "watermelon_A": 0.9304347826086956,
        "watermelon_B": 0.9565217391304348,
        "watermelon_C": 0.9739130434782609
      },
      "class_f1": {
        "watermelon_A": 0.9511111111111111,
        "watermelon_B": 0.962800875273523,
        "watermelon_C": 0.9471458773784356
      },
      "class_support": {
        "watermelon_A": 230.0,
        "watermelon_B": 230.0,
        "watermelon_C": 230.0
      },
      "confusion_matrix": [
        [
          214,
          2,
          14
        ],
        [
          5,
          220,
          5
        ],
        [
          1,
          5,
          224
        ]
      ],
      "roc_auc": 0.9954804662885949,
      "pr_auc": null
    },
    "accuracy_ttest": {
      "statistic": -5.023537746696558,
      "pvalue": 0.001022359849582445
    },
    "f1_ttest": {
      "statistic": -5.030883649020586,
      "pvalue": 0.0010130498374955439
    },
    "accuracy_diff": -0.16231884057971013,
    "f1_macro_diff": -0.161538959197154,
    "better_model": "random_forest",
    "significance_level": 0.05
  },
  "feature_importance": null,
  "cross_validation_scores": null,
  "config_info": {
    "class_names": [
      "watermelon_A",
      "watermelon_B",
      "watermelon_C"
    ],
    "sample_rate": 22050,
    "n_mfcc": 13
  }
}