{
  "evaluation_id": "eval_20250726_022457",
  "created_at": "2025-07-26T02:25:02.090360",
  "dataset_info": {
    "test_samples": 690,
    "n_features": 30,
    "n_classes": 3
  },
  "model_metrics": {
    "svm": {
      "accuracy": 0.8478260869565217,
      "precision_macro": 0.851461436532313,
      "precision_weighted": 0.851461436532313,
      "recall_macro": 0.8478260869565218,
      "recall_weighted": 0.8478260869565217,
      "f1_macro": 0.848622393087345,
      "f1_weighted": 0.8486223930873449,
      "class_precision": {
        "watermelon_A": 0.8212765957446808,
        "watermelon_B": 0.8048780487804879,
        "watermelon_C": 0.9282296650717703
      },
      "class_recall": {
        "watermelon_A": 0.8391304347826087,
        "watermelon_B": 0.8608695652173913,
        "watermelon_C": 0.8434782608695652
      },
      "class_f1": {
        "watermelon_A": 0.8301075268817204,
        "watermelon_B": 0.8319327731092437,
        "watermelon_C": 0.8838268792710706
      },
      "class_support": {
        "watermelon_A": 230,
        "watermelon_B": 230,
        "watermelon_C": 230
      },
      "confusion_matrix": [
        [
          193,
          25,
          12
        ],
        [
          29,
          198,
          3
        ],
        [
          13,
          23,
          194
        ]
      ],
      "roc_auc": 0.9555608065532452,
      "pr_auc": null
    },
    "random_forest": {
      "accuracy": 0.9144927536231884,
      "precision_macro": 0.9195331805948795,
      "precision_weighted": 0.9195331805948797,
      "recall_macro": 0.9144927536231884,
      "recall_weighted": 0.9144927536231884,
      "f1_macro": 0.9148822721993454,
      "f1_weighted": 0.9148822721993454,
      "class_precision": {
        "watermelon_A": 0.9571428571428572,
        "watermelon_B": 0.8473282442748091,
        "watermelon_C": 0.9541284403669725
      },
      "class_recall": {
        "watermelon_A": 0.8739130434782608,
        "watermelon_B": 0.9652173913043478,
        "watermelon_C": 0.9043478260869565
      },
      "class_f1": {
        "watermelon_A": 0.9136363636363637,
        "watermelon_B": 0.9024390243902439,
        "watermelon_C": 0.9285714285714285
      },
      "class_support": {
        "watermelon_A": 230,
        "watermelon_B": 230,
        "watermelon_C": 230
      },
      "confusion_matrix": [
        [
          201,
          20,
          9
        ],
        [
          7,
          222,
          1
        ],
        [
          2,
          20,
          208
        ]
      ],
      "roc_auc": 0.9889981096408317,
      "pr_auc": null
    }
  },
  "model_comparison": {
    "model1_name": "svm",
    "model2_name": "random_forest",
    "model1_metrics": {
      "accuracy": 0.8478260869565217,
      "precision_macro": 0.851461436532313,
      "precision_weighted": 0.851461436532313,
      "recall_macro": 0.8478260869565218,
      "recall_weighted": 0.8478260869565217,
      "f1_macro": 0.848622393087345,
      "f1_weighted": 0.8486223930873449,
      "class_precision": {
        "watermelon_A": 0.8212765957446808,
        "watermelon_B": 0.8048780487804879,
        "watermelon_C": 0.9282296650717703
      },
      "class_recall": {
        "watermelon_A": 0.8391304347826087,
        "watermelon_B": 0.8608695652173913,
        "watermelon_C": 0.8434782608695652
      },
      "class_f1": {
        "watermelon_A": 0.8301075268817204,
        "watermelon_B": 0.8319327731092437,
        "watermelon_C": 0.8838268792710706
      },
      "class_support": {
        "watermelon_A": 230,
        "watermelon_B": 230,
        "watermelon_C": 230
      },
      "confusion_matrix": [
        [
          193,
          25,
          12
        ],
        [
          29,
          198,
          3
        ],
        [
          13,
          23,
          194
        ]
      ],
      "roc_auc": 0.9555608065532452,
      "pr_auc": null
    },
    "model2_metrics": {
      "accuracy": 0.9144927536231884,
      "precision_macro": 0.9195331805948795,
      "precision_weighted": 0.9195331805948797,
      "recall_macro": 0.9144927536231884,
      "recall_weighted": 0.9144927536231884,
      "f1_macro": 0.9148822721993454,
      "f1_weighted": 0.9148822721993454,
      "class_precision": {
        "watermelon_A": 0.9571428571428572,
        "watermelon_B": 0.8473282442748091,
        "watermelon_C": 0.9541284403669725
      },
      "class_recall": {
        "watermelon_A": 0.8739130434782608,
        "watermelon_B": 0.9652173913043478,
        "watermelon_C": 0.9043478260869565
      },
      "class_f1": {
        "watermelon_A": 0.9136363636363637,
        "watermelon_B": 0.9024390243902439,
        "watermelon_C": 0.9285714285714285
      },
      "class_support": {
        "watermelon_A": 230,
        "watermelon_B": 230,
        "watermelon_C": 230
      },
      "confusion_matrix": [
        [
          201,
          20,
          9
        ],
        [
          7,
          222,
          1
        ],
        [
          2,
          20,
          208
        ]
      ],
      "roc_auc": 0.9889981096408317,
      "pr_auc": null
    },
    "accuracy_ttest": {
      "statistic": -4.049375877397823,
      "pvalue": 0.0036874050290691095
    },
    "f1_ttest": {
      "statistic": -3.996159348348385,
      "pvalue": 0.003971005935208922
    },
    "accuracy_diff": -0.06666666666666665,
    "f1_macro_diff": -0.06625987911200037,
    "better_model": "random_forest",
    "significance_level": 0.05
  },
  "feature_importance": null,
  "cross_validation_scores": null,
  "config_info": {
    "class_names": [
      "watermelon_A",
      "watermelon_B",
      "watermelon_C"
    ],
    "sample_rate": 16000,
    "n_mfcc": 13
  }
}