{
  "generated_at": "2025-07-26T02:25:02.211309",
  "performance_summary": {
    "overall_statistics": {
      "total_steps_measured": 2,
      "unique_steps": 2,
      "total_execution_time": 681.1203510761261,
      "total_memory_used": 290.25,
      "measurement_period": {
        "start": 1753463486.345848,
        "end": 1753464302.091895
      }
    },
    "step_averages": {
      "data_loading": {
        "avg_execution_time": 673.8223838806152,
        "avg_memory_usage": 105.109375,
        "avg_cpu_usage": 100.0,
        "run_count": 1
      },
      "model_evaluation": {
        "avg_execution_time": 7.297967195510864,
        "avg_memory_usage": 185.140625,
        "avg_cpu_usage": 96.2,
        "run_count": 1
      }
    },
    "performance_insights": {
      "slowest_step": {
        "name": "data_loading",
        "avg_time": 673.8223838806152
      },
      "fastest_step": {
        "name": "model_evaluation",
        "avg_time": 7.297967195510864
      },
      "memory_intensive_step": {
        "name": "model_evaluation",
        "avg_memory": 185.140625
      }
    },
    "system_info": {
      "cpu_count": 10,
      "memory_total": 16.0,
      "memory_available": 5.66156005859375,
      "disk_total": 926.3517189025879,
      "disk_free": 113.22829818725586,
      "python_version": "3.9",
      "platform": "Darwin"
    }
  },
  "detailed_metrics": [
    {
      "step_name": "data_loading",
      "start_time": 1753463486.345848,
      "end_time": 1753464160.168232,
      "execution_time": 673.8223838806152,
      "memory_before": 424.953125,
      "memory_after": 530.0625,
      "memory_peak": 530.0625,
      "memory_used": 105.109375,
      "cpu_percent": 100.0,
      "system_info": {
        "cpu_count": 10,
        "memory_total": 16.0,
        "memory_available": 5.66156005859375,
        "disk_total": 926.3517189025879,
        "disk_free": 113.22829818725586,
        "python_version": "3.9",
        "platform": "Darwin"
      },
      "custom_metrics": {
        "train_samples": 4830,
        "val_samples": 1380,
        "test_samples": 690,
        "total_samples": 6900,
        "feature_dimension": 30,
        "augmentation_skipped": true
      }
    },
    {
      "step_name": "model_evaluation",
      "start_time": 1753464294.793928,
      "end_time": 1753464302.091895,
      "execution_time": 7.297967195510864,
      "memory_before": 482.625,
      "memory_after": 667.765625,
      "memory_peak": 667.765625,
      "memory_used": 185.140625,
      "cpu_percent": 96.2,
      "system_info": {
        "cpu_count": 10,
        "memory_total": 16.0,
        "memory_available": 5.152862548828125,
        "disk_total": 926.3517189025879,
        "disk_free": 113.21734619140625,
        "python_version": "3.9",
        "platform": "Darwin"
      },
      "custom_metrics": {
        "models_evaluated": 2,
        "test_samples": 690,
        "best_accuracy": 0.9144927536231884,
        "models_with_integrity_issues": 0
      }
    }
  ],
  "monitoring_enabled": true,
  "psutil_available": true
}